{"proofTimeBenchmark":[0.2994839999675751,0.29989333415031433,0.28853133392333985,0.29397120785713193,0.2895524170398712,0.29298462510108947,0.29005104207992555,0.28699574995040894,0.29362083292007446,0.28890037488937376,0.2855634169578552,1.916372750043869,0.29307458400726316,0.2906372921466827,0.29366741585731504,0.2913709170818329,0.2931995840072632,0.28975287508964537,0.29987674999237063,0.2890417919158936,0.28668787503242493,0.2866334171295166,0.29009166717529294,0.29019400000572204,0.2861894588470459,0.2897355411052704],"meanTime":0.3536951636259372,"medianTime":0.2901428335905075,"maxTime":1.916372750043869,"minTime":0.2855634169578552}
