{"proofTimeBenchmark":[0.34636070799827573,0.33739212501049043,0.34128066700696946,0.3422187080383301,0.3428821669816971,0.3493799170255661,0.33910774999856946,0.34655120903253556,0.35020779198408125,0.3544580420255661,0.35248141598701477,2.230284124970436,0.342507041990757,0.3694174169898033,0.35397854197025297,0.3492496250271797,0.3354513750076294,0.3427447500228882,0.3427327499985695,0.3493197910189629,0.3388815839886665,0.3416312499642372,0.3417999579906464,0.3406467080116272,0.34108245897293094,0.4058495000004768],"meanTime":0.4203037452697754,"medianTime":0.3428134585022926,"maxTime":2.230284124970436,"minTime":0.3354513750076294}