{"proofTimeBenchmark":[1.3866647510528565,1.1891632647514343,1.0671690940856933,1.4277938132286072,1.550981499195099,1.1693639640808104,1.0354710612297058,1.0588542613983154,1.0305983319282532,1.2407953901290893,1.1555436940193176,7.0216844263076785,1.054878613948822,1.0305694050788878,1.1641633710861206,1.2163033528327942,1.2003366413116454,1.1707958912849425,1.1104864258766174,1.038309851169586,1.03763853597641,1.0575855350494385,1.0486892666816712,1.0372366428375244,1.046441683769226,1.6565171613693237],"meanTime":1.3924629203723027,"medianTime":1.1330150599479674,"maxTime":7.0216844263076785,"minTime":1.0305694050788878}