{"proofTimeBenchmark":[2.492554437637329,1.9971910829544068,2.035792495727539,1.9510637369155883,2.2785244970321656,2.058417909622192,2.2473431482315065,2.47072909450531,2.9488845939636232,2.567098663330078,2.2044337940216066,17.29173055934906,1.911652153968811,1.8193997793197632,2.061305591583252,2.0472020597457887,1.9549154472351074,2.329497887611389,2.088578646659851,3.474129506111145,2.716474449157715,2.487472644805908,2.065473032951355,2.271729444503784,1.9256459159851074,2.663288619995117],"meanTime":2.8600203535740194,"medianTime":2.2258884711265567,"maxTime":17.29173055934906,"minTime":1.8193997793197632}