{"proofTimeBenchmark":[1.1113295769691467,1.063827356338501,1.034861536026001,1.0334843440055848,1.0597525482177734,1.0387805390357971,1.0403154821395875,1.0356783628463746,1.0693355331420897,1.0808173489570618,1.0285021781921386,7.194509854316712,1.1569685521125794,1.139444757938385,1.0923124208450317,1.0450320057868958,1.0306560297012328,1.036049798965454,1.040028928756714,1.0411533317565917,1.0515167469978333,1.0733310251235961,1.0429636688232422,1.0426873679161073,1.0402406973838807,1.0365377211570739],"meanTime":1.2946199120558228,"medianTime":1.0428255183696749,"maxTime":7.194509854316712,"minTime":1.0285021781921386}