{"proofTimeBenchmark":[0.3019223749637604,0.29772558307647706,0.3115644581317902,0.2861238338947296,0.30434929084777834,0.321879832983017,0.29914337491989135,0.2907473330497742,0.2847660410404205,0.2834595410823822,0.2815824580192566,2.037123041152954,0.29315491700172425,0.2940928750038147,0.2814016251564026,0.29227329111099243,0.3020938339233398,0.3161936249732971,0.28934899997711183,0.2832252080440521,0.2793046660423279,0.2969804999828339,0.29814262509346007,0.2816080000400543,0.28014279103279116,0.27925791692733765],"meanTime":0.36029261682583724,"medianTime":0.29271410405635834,"maxTime":2.037123041152954,"minTime":0.27925791692733765}