{"proofTimeBenchmark":[0.49397845792770384,0.42921841669082644,0.5352377920150757,0.4987663340568542,0.47500579214096067,0.49241737508773803,0.5100761661529541,0.5519803342819214,0.6826991658210755,0.571154375076294,0.6064297080039978,2.798709374904633,0.5101389579772949,0.5752800002098083,0.633546374797821,0.6743862500190735,0.5922922916412353,0.5852007908821106,0.8188378329277038,0.5710690412521362,0.549309916973114,0.6357707920074462,0.6065925421714783,0.5290523338317871,0.6091929578781128,0.6074680409431458],"meanTime":0.6593773621412424,"medianTime":0.5732171876430512,"maxTime":2.798709374904633,"minTime":0.42921841669082644}