{"proofTimeBenchmark":[0.28778304195404053,0.28347870779037476,0.28870558404922486,0.2892857909202576,0.2962224998474121,0.2858630833625794,0.2827112083435059,0.28518587493896486,0.28645604228973387,0.2831160831451416,0.2834535422325134,2.0131414170265196,0.2908608751296997,0.28737799978256223,0.28409154176712037,0.2812913751602173,0.28138462495803834,0.28180083322525024,0.2855732078552246,0.285541916847229,0.2821600842475891,0.2835364170074463,0.28329204177856443,0.28119099998474123,0.3494134578704834,0.2902095422744751],"meanTime":0.35435106899188107,"medianTime":0.28536389589309696,"maxTime":2.0131414170265196,"minTime":0.28119099998474123}