{"proofTimeBenchmark":[0.9397513749599457,0.9418409999608993,0.946206957936287,0.9450998330116271,0.9455783749818802,0.9524496250152588,0.9762042500972747,1.0403539580106735,0.9545449999570846,0.9392059580087662,0.9334352499246598,2.8139660420417787,0.9941010839939117,0.915639459013939,0.9584483749866486,0.9145207499265671,0.9636992080211639,0.9623856250047683,0.993599249958992,0.9255823329687118,0.9406222920417786,0.9780428749322891,0.9242900410890579,0.9339374589920044,0.9832149169445038,0.919974583029747],"meanTime":1.0244883028773162,"medianTime":0.9458926664590837,"maxTime":2.8139660420417787,"minTime":0.9145207499265671}