{"proofTimeBenchmark":[0.331563540995121,0.33516337499022486,0.3406539160013199,0.34807037499547006,0.32758237501978876,0.3443358329832554,0.3468921249806881,0.4143372080028057,0.36105700001120566,0.4187299160063267,0.3588121249973774,2.345348167002201,0.35494624999165536,0.3349189999997616,0.3827117500007153,0.33304316699504855,0.34042737498879433,0.36372145801782607,0.37572987499833105,0.4419677500128746,0.35771758398413656,0.3520812090039253,0.3403551660180092,0.3661286660134792,0.3727603330016136,0.36245362502336503],"meanTime":0.4365965063090508,"medianTime":0.35633191698789596,"maxTime":2.345348167002201,"minTime":0.32758237501978876}