{"proofTimeBenchmark":[0.34492600011825564,0.3404801249504089,0.3443197078704834,0.3408378748893738,0.336078040599823,0.4171109576225281,0.3394700832366943,0.3478514580726624,0.3613488745689392,0.33655050039291384,0.3364394593238831,2.3582851252555845,0.3396924171447754,0.3451110420227051,0.34870133304595946,0.36032499980926513,0.33820233297348024,0.33648008394241335,0.3404018750190735,0.3422182912826538,0.40246833419799805,0.34768620824813845,0.3536132502555847,0.34548799991607665,0.33710083293914794,0.3476885423660278],"meanTime":0.4264952211563404,"medianTime":0.34462285399436954,"maxTime":2.3582851252555845,"minTime":0.336078040599823}