{"proofTimeBenchmark":[1.7444941401481628,1.5848651390075683,1.4178518762588501,1.4401310863494874,1.4167454028129578,1.3870227880477906,1.3954866981506349,1.3796821217536925,1.419803828239441,1.3772620458602904,1.4014010610580445,6.7220859632492065,1.9109365038871766,1.43368186712265,1.5151569809913634,1.399365095615387,1.3709647970199585,1.3623110070228577,1.36921577835083,1.3730094122886658,1.415853250026703,1.3650245590209962,1.393214608669281,1.3617311058044435,1.42683016872406,1.3850278911590577],"meanTime":1.644967506793829,"medianTime":1.4003830783367157,"maxTime":6.7220859632492065,"minTime":1.3617311058044435}