{"proofTimeBenchmark":[0.33021544800698754,0.2595405929982662,0.3532914270013571,0.3100423209965229,0.2485184780061245,0.35910107600688934,0.3319092659950256,0.24973426200449467,0.35508497200906275,0.322189861997962,0.24127901500463486,1.6895140919983387,0.42372535400092604,0.33877077700197694,0.24477675700187684,0.30271380199491976,0.3104452850073576,0.24215509700775145,0.30404986199736594,0.25759813499450684,0.3317795369923115,0.31935242399573327,0.23993619999289512,0.3593025540113449,0.3354017830044031,0.24805229599773884],"meanTime":0.3580184875010299,"medianTime":0.3148988545015454,"maxTime":1.6895140919983387,"minTime":0.23993619999289512}
