{"proofTimeBenchmark":[0.40818073800206184,0.32580487800017,0.3070519740022719,0.29866049300134184,0.31581392799690367,0.3105338900014758,0.3413618200011551,0.31213331399857996,0.3210563869997859,0.31590337700024246,0.3266429139971733,1.4795384709984065,0.4170037260018289,0.32156791399791834,0.32067060899734495,0.33638264499977233,0.3212308249995112,0.31559075000137093,0.3192889959998429,0.3091612539999187,0.3159814720004797,0.3263165629990399,0.31113440499827266,0.31878438099846246,0.32332615699991585,0.33013279699906706],"meanTime":0.37112517992278116,"medianTime":0.3208634979985654,"maxTime":1.4795384709984065,"minTime":0.29866049300134184}