{"proofTimeBenchmark":[0.322384065002203,0.24839532700181008,0.3438800999969244,0.3185484490096569,0.2392973549962044,0.3277320429980755,0.33975253599882127,0.2471113750040531,0.3206956930011511,0.33353772999346254,0.24283188600838185,1.6417275070101023,0.4219416300058365,0.3318739340007305,0.2550038729906082,0.3244680009931326,0.3410146369934082,0.26733972001075745,0.30818520799279214,0.24513777799904346,0.31558069299161434,0.3689806679934263,0.24840599800646304,0.33329371200501917,0.32259192499518397,0.2385686659961939],"meanTime":0.3557030964998099,"medianTime":0.321539879001677,"maxTime":1.6417275070101023,"minTime":0.2385686659961939}