{"proofTimeBenchmark":[0.33942396400123837,0.3424433089978993,0.2563783940002322,0.41333260500058533,0.3331008810028434,0.26186844800040127,0.3783290839977562,0.34426690100133417,0.27121257499977947,0.3660840740017593,0.3677676559984684,1.9673397169969975,0.5148575589992106,0.34219235000014303,0.2697615269981325,0.38659144200012086,0.3388274160027504,0.269721400000155,0.3362844779975712,0.25580925899744034,0.39251247500255704,0.3541719250008464,0.2593831930011511,0.37328262099996207,0.34163182200118897,0.26179940200224516],"meanTime":0.39762978757702955,"medianTime":0.341912086000666,"maxTime":1.9673397169969975,"minTime":0.25580925899744034}