{"proofTimeBenchmark":[0.3691038751602173,0.3203612909317017,0.33356087493896486,0.5422352910041809,0.32002966618537904,0.3576992909908295,0.3550224161148071,0.326428542137146,0.3278677909374237,0.3866793749332428,0.34525995802879333,2.3475181670188903,0.37328579211235047,0.33584150004386903,0.3349352498054504,0.5368887090682983,0.34389691686630247,0.32917725014686583,0.36578816604614256,0.32138729190826415,0.331479749917984,0.5500103328227997,0.33811241698265077,0.3460187089443207,0.45218862509727475,0.3299548342227936],"meanTime":0.44695123393719,"medianTime":0.3445784374475479,"maxTime":2.3475181670188903,"minTime":0.32002966618537904}
